id,app,message,reason,TOPO.src,TOPO.dst,TOPO.srcLabel,TOPO.dstLabel,ctime
294,Application-26,M_Req,missing_destination,51,Application-26-Service,EndDevice-26,Application-26-Service,800
295,Application-27,M_Req,missing_destination,52,Application-27-Service,EndDevice-27,Application-27-Service,800
312,Application-28,M_Req,missing_destination,53,Application-28-Service,EndDevice-28,Application-28-Service,800
316,Application-25,M_Req,missing_destination,50,Application-25-Service,EndDevice-25,Application-25-Service,800
342,Application-26,M_Req,missing_destination,51,Application-26-Service,EndDevice-26,Application-26-Service,900
343,Application-27,M_Req,missing_destination,52,Application-27-Service,EndDevice-27,Application-27-Service,900
360,Application-28,M_Req,missing_destination,53,Application-28-Service,EndDevice-28,Application-28-Service,900
364,Application-25,M_Req,missing_destination,50,Application-25-Service,EndDevice-25,Application-25-Service,900
384,Application-26,M_Req,missing_destination,51,Application-26-Service,EndDevice-26,Application-26-Service,1000
385,Application-27,M_Req,missing_destination,52,Application-27-Service,EndDevice-27,Application-27-Service,1000
400,Application-28,M_Req,missing_destination,53,Application-28-Service,EndDevice-28,Application-28-Service,1000
406,Application-33,M_Req,missing_destination,58,Application-33-Service,EndDevice-33,Application-33-Service,1100
421,Application-34,M_Req,missing_destination,59,Application-34-Service,EndDevice-34,Application-34-Service,1100
432,Application-26,M_Req,missing_destination,51,Application-26-Service,EndDevice-26,Application-26-Service,1100
433,Application-27,M_Req,missing_destination,52,Application-27-Service,EndDevice-27,Application-27-Service,1100
435,Application-35,M_Req,missing_destination,60,Application-35-Service,EndDevice-35,Application-35-Service,1100
436,Application-36,M_Req,missing_destination,61,Application-36-Service,EndDevice-36,Application-36-Service,1100
448,Application-28,M_Req,missing_destination,53,Application-28-Service,EndDevice-28,Application-28-Service,1100
463,Application-34,M_Req,missing_destination,59,Application-34-Service,EndDevice-34,Application-34-Service,1200
511,Application-34,M_Req,missing_destination,59,Application-34-Service,EndDevice-34,Application-34-Service,1300
524,Application-46,M_Req,missing_destination,71,Application-46-Service,EndDevice-46,Application-46-Service,1400
533,Application-47,M_Req,missing_destination,72,Application-47-Service,EndDevice-47,Application-47-Service,1400
572,Application-46,M_Req,missing_destination,71,Application-46-Service,EndDevice-46,Application-46-Service,1500
581,Application-47,M_Req,missing_destination,72,Application-47-Service,EndDevice-47,Application-47-Service,1500
627,Application-38,M_Req,missing_destination,63,Application-38-Service,EndDevice-38,Application-38-Service,1700
637,Application-33,M_Req,missing_destination,58,Application-33-Service,EndDevice-33,Application-33-Service,1700
644,Application-40,M_Req,missing_destination,65,Application-40-Service,EndDevice-40,Application-40-Service,1700
647,Application-39,M_Req,missing_destination,64,Application-39-Service,EndDevice-39,Application-39-Service,1700
664,Application-37,M_Req,missing_destination,62,Application-37-Service,EndDevice-37,Application-37-Service,1700
667,Application-28,M_Req,missing_destination,53,Application-28-Service,EndDevice-28,Application-28-Service,1700
681,Application-33,M_Req,missing_destination,58,Application-33-Service,EndDevice-33,Application-33-Service,1800
686,Application-40,M_Req,missing_destination,65,Application-40-Service,EndDevice-40,Application-40-Service,1800
688,Application-39,M_Req,missing_destination,64,Application-39-Service,EndDevice-39,Application-39-Service,1800
750,Application-37,M_Req,missing_destination,62,Application-37-Service,EndDevice-37,Application-37-Service,2000
753,Application-2,M_Req,missing_destination,27,Application-2-Service,EndDevice-2,Application-2-Service,2000
798,Application-37,M_Req,missing_destination,62,Application-37-Service,EndDevice-37,Application-37-Service,2100
801,Application-2,M_Req,missing_destination,27,Application-2-Service,EndDevice-2,Application-2-Service,2100
841,Application-37,M_Req,missing_destination,62,Application-37-Service,EndDevice-37,Application-37-Service,2200
889,Application-37,M_Req,missing_destination,62,Application-37-Service,EndDevice-37,Application-37-Service,2300
977,Application-44,M_Req,missing_destination,69,Application-44-Service,EndDevice-44,Application-44-Service,2600
1009,Application-42,M_Req,missing_destination,67,Application-42-Service,EndDevice-42,Application-42-Service,2700
1010,Application-41,M_Req,missing_destination,66,Application-41-Service,EndDevice-41,Application-41-Service,2700
1011,Application-1,M_Req,missing_destination,26,Application-1-Service,EndDevice-1,Application-1-Service,2700
1025,Application-44,M_Req,missing_destination,69,Application-44-Service,EndDevice-44,Application-44-Service,2700
1056,Application-42,M_Req,missing_destination,67,Application-42-Service,EndDevice-42,Application-42-Service,2800
1057,Application-1,M_Req,missing_destination,26,Application-1-Service,EndDevice-1,Application-1-Service,2800
1069,Application-44,M_Req,missing_destination,69,Application-44-Service,EndDevice-44,Application-44-Service,2800
1104,Application-42,M_Req,missing_destination,67,Application-42-Service,EndDevice-42,Application-42-Service,2900
1105,Application-1,M_Req,missing_destination,26,Application-1-Service,EndDevice-1,Application-1-Service,2900
1117,Application-44,M_Req,missing_destination,69,Application-44-Service,EndDevice-44,Application-44-Service,2900
1148,Application-42,M_Req,missing_destination,67,Application-42-Service,EndDevice-42,Application-42-Service,3000
1149,Application-1,M_Req,missing_destination,26,Application-1-Service,EndDevice-1,Application-1-Service,3000
1196,Application-42,M_Req,missing_destination,67,Application-42-Service,EndDevice-42,Application-42-Service,3100
1197,Application-1,M_Req,missing_destination,26,Application-1-Service,EndDevice-1,Application-1-Service,3100
1214,Application-23,M_Req,missing_destination,48,Application-23-Service,EndDevice-23,Application-23-Service,3200
1215,Application-21,M_Req,missing_destination,46,Application-21-Service,EndDevice-21,Application-21-Service,3200
1230,Application-22,M_Req,missing_destination,47,Application-22-Service,EndDevice-22,Application-22-Service,3200
1262,Application-23,M_Req,missing_destination,48,Application-23-Service,EndDevice-23,Application-23-Service,3300
1263,Application-21,M_Req,missing_destination,46,Application-21-Service,EndDevice-21,Application-21-Service,3300
1278,Application-22,M_Req,missing_destination,47,Application-22-Service,EndDevice-22,Application-22-Service,3300
1353,Application-23,M_Req,missing_destination,48,Application-23-Service,EndDevice-23,Application-23-Service,3500
1354,Application-21,M_Req,missing_destination,46,Application-21-Service,EndDevice-21,Application-21-Service,3500
1548,Application-16,M_Req,missing_destination,41,Application-16-Service,EndDevice-16,Application-16-Service,4100
1561,Application-14,M_Req,missing_destination,39,Application-14-Service,EndDevice-14,Application-14-Service,4100
1579,Application-23,M_Req,missing_destination,48,Application-23-Service,EndDevice-23,Application-23-Service,4100
1581,Application-15,M_Req,missing_destination,40,Application-15-Service,EndDevice-15,Application-15-Service,4100
1586,Application-13,M_Req,missing_destination,38,Application-13-Service,EndDevice-13,Application-13-Service,4100
1670,Application-5,M_Req,missing_destination,30,Application-5-Service,EndDevice-5,Application-5-Service,4400
1689,Application-7,M_Req,missing_destination,32,Application-7-Service,EndDevice-7,Application-7-Service,4400
1701,Application-8,M_Req,missing_destination,33,Application-8-Service,EndDevice-8,Application-8-Service,4500
1718,Application-5,M_Req,missing_destination,30,Application-5-Service,EndDevice-5,Application-5-Service,4500
1737,Application-7,M_Req,missing_destination,32,Application-7-Service,EndDevice-7,Application-7-Service,4500
1777,Application-7,M_Req,missing_destination,32,Application-7-Service,EndDevice-7,Application-7-Service,4700
1781,Application-8,M_Req,missing_destination,33,Application-8-Service,EndDevice-8,Application-8-Service,4700
1790,Application-10,M_Req,missing_destination,35,Application-10-Service,EndDevice-10,Application-10-Service,4700
1795,Application-11,M_Req,missing_destination,36,Application-11-Service,EndDevice-11,Application-11-Service,4700
1799,Application-12,M_Req,missing_destination,37,Application-12-Service,EndDevice-12,Application-12-Service,4700
1817,Application-9,M_Req,missing_destination,34,Application-9-Service,EndDevice-9,Application-9-Service,4700
1825,Application-7,M_Req,missing_destination,32,Application-7-Service,EndDevice-7,Application-7-Service,4800
1836,Application-10,M_Req,missing_destination,35,Application-10-Service,EndDevice-10,Application-10-Service,4800
1840,Application-11,M_Req,missing_destination,36,Application-11-Service,EndDevice-11,Application-11-Service,4800
1843,Application-12,M_Req,missing_destination,37,Application-12-Service,EndDevice-12,Application-12-Service,4800
1873,Application-7,M_Req,missing_destination,32,Application-7-Service,EndDevice-7,Application-7-Service,4900
1884,Application-10,M_Req,missing_destination,35,Application-10-Service,EndDevice-10,Application-10-Service,4900
1888,Application-11,M_Req,missing_destination,36,Application-11-Service,EndDevice-11,Application-11-Service,4900
1891,Application-12,M_Req,missing_destination,37,Application-12-Service,EndDevice-12,Application-12-Service,4900
1915,Application-7,M_Req,missing_destination,32,Application-7-Service,EndDevice-7,Application-7-Service,5000
1963,Application-7,M_Req,missing_destination,32,Application-7-Service,EndDevice-7,Application-7-Service,5100
2132,Application-32,M_Req,missing_destination,57,Application-32-Service,EndDevice-32,Application-32-Service,5600
2133,Application-7,M_Req,missing_destination,32,Application-7-Service,EndDevice-7,Application-7-Service,5600
2134,Application-9,M_Req,missing_destination,34,Application-9-Service,EndDevice-9,Application-9-Service,5600
2148,Application-30,M_Req,missing_destination,55,Application-30-Service,EndDevice-30,Application-30-Service,5600
2155,Application-12,M_Req,missing_destination,37,Application-12-Service,EndDevice-12,Application-12-Service,5700
2158,Application-31,M_Req,missing_destination,56,Application-31-Service,EndDevice-31,Application-31-Service,5700
2159,Application-11,M_Req,missing_destination,36,Application-11-Service,EndDevice-11,Application-11-Service,5700
2164,Application-29,M_Req,missing_destination,54,Application-29-Service,EndDevice-29,Application-29-Service,5700
2180,Application-32,M_Req,missing_destination,57,Application-32-Service,EndDevice-32,Application-32-Service,5700
2181,Application-7,M_Req,missing_destination,32,Application-7-Service,EndDevice-7,Application-7-Service,5700
2182,Application-9,M_Req,missing_destination,34,Application-9-Service,EndDevice-9,Application-9-Service,5700
2196,Application-30,M_Req,missing_destination,55,Application-30-Service,EndDevice-30,Application-30-Service,5700
2203,Application-12,M_Req,missing_destination,37,Application-12-Service,EndDevice-12,Application-12-Service,5800
2205,Application-31,M_Req,missing_destination,56,Application-31-Service,EndDevice-31,Application-31-Service,5800
2206,Application-11,M_Req,missing_destination,36,Application-11-Service,EndDevice-11,Application-11-Service,5800
2224,Application-7,M_Req,missing_destination,32,Application-7-Service,EndDevice-7,Application-7-Service,5800
2225,Application-9,M_Req,missing_destination,34,Application-9-Service,EndDevice-9,Application-9-Service,5800
2250,Application-41,M_Req,missing_destination,66,Application-41-Service,EndDevice-41,Application-41-Service,5900
2251,Application-12,M_Req,missing_destination,37,Application-12-Service,EndDevice-12,Application-12-Service,5900
2253,Application-31,M_Req,missing_destination,56,Application-31-Service,EndDevice-31,Application-31-Service,5900
2254,Application-11,M_Req,missing_destination,36,Application-11-Service,EndDevice-11,Application-11-Service,5900
2269,Application-44,M_Req,missing_destination,69,Application-44-Service,EndDevice-44,Application-44-Service,5900
2272,Application-7,M_Req,missing_destination,32,Application-7-Service,EndDevice-7,Application-7-Service,5900
2273,Application-9,M_Req,missing_destination,34,Application-9-Service,EndDevice-9,Application-9-Service,5900
2293,Application-41,M_Req,missing_destination,66,Application-41-Service,EndDevice-41,Application-41-Service,6000
2294,Application-12,M_Req,missing_destination,37,Application-12-Service,EndDevice-12,Application-12-Service,6000
2296,Application-31,M_Req,missing_destination,56,Application-31-Service,EndDevice-31,Application-31-Service,6000
2342,Application-12,M_Req,missing_destination,37,Application-12-Service,EndDevice-12,Application-12-Service,6100
2344,Application-31,M_Req,missing_destination,56,Application-31-Service,EndDevice-31,Application-31-Service,6100
2816,Application-19,M_Req,missing_destination,44,Application-19-Service,EndDevice-19,Application-19-Service,7400
2817,Application-20,M_Req,missing_destination,45,Application-20-Service,EndDevice-20,Application-20-Service,7400
2819,Application-29,M_Req,missing_destination,54,Application-29-Service,EndDevice-29,Application-29-Service,7400
2821,Application-23,M_Req,missing_destination,48,Application-23-Service,EndDevice-23,Application-23-Service,7400
2828,Application-24,M_Req,missing_destination,49,Application-24-Service,EndDevice-24,Application-24-Service,7400
2830,Application-31,M_Req,missing_destination,56,Application-31-Service,EndDevice-31,Application-31-Service,7400
2834,Application-17,M_Req,missing_destination,42,Application-17-Service,EndDevice-17,Application-17-Service,7400
2841,Application-18,M_Req,missing_destination,43,Application-18-Service,EndDevice-18,Application-18-Service,7400
2847,Application-32,M_Req,missing_destination,57,Application-32-Service,EndDevice-32,Application-32-Service,7500
2864,Application-19,M_Req,missing_destination,44,Application-19-Service,EndDevice-19,Application-19-Service,7500
2865,Application-20,M_Req,missing_destination,45,Application-20-Service,EndDevice-20,Application-20-Service,7500
2867,Application-29,M_Req,missing_destination,54,Application-29-Service,EndDevice-29,Application-29-Service,7500
2869,Application-23,M_Req,missing_destination,48,Application-23-Service,EndDevice-23,Application-23-Service,7500
2876,Application-24,M_Req,missing_destination,49,Application-24-Service,EndDevice-24,Application-24-Service,7500
2878,Application-31,M_Req,missing_destination,56,Application-31-Service,EndDevice-31,Application-31-Service,7500
2882,Application-17,M_Req,missing_destination,42,Application-17-Service,EndDevice-17,Application-17-Service,7500
2889,Application-18,M_Req,missing_destination,43,Application-18-Service,EndDevice-18,Application-18-Service,7500
2956,Application-19,M_Req,missing_destination,44,Application-19-Service,EndDevice-19,Application-19-Service,7700
2957,Application-20,M_Req,missing_destination,45,Application-20-Service,EndDevice-20,Application-20-Service,7700
2958,Application-29,M_Req,missing_destination,54,Application-29-Service,EndDevice-29,Application-29-Service,7700
2960,Application-23,M_Req,missing_destination,48,Application-23-Service,EndDevice-23,Application-23-Service,7700
2966,Application-24,M_Req,missing_destination,49,Application-24-Service,EndDevice-24,Application-24-Service,7700
2967,Application-31,M_Req,missing_destination,56,Application-31-Service,EndDevice-31,Application-31-Service,7700
3074,Application-32,M_Req,missing_destination,57,Application-32-Service,EndDevice-32,Application-32-Service,8000
3122,Application-32,M_Req,missing_destination,57,Application-32-Service,EndDevice-32,Application-32-Service,8100
4572,Application-37,M_Req,missing_destination,62,Application-37-Service,EndDevice-37,Application-37-Service,11900
4787,Application-34,M_Req,missing_destination,59,Application-34-Service,EndDevice-34,Application-34-Service,12500
4829,Application-34,M_Req,missing_destination,59,Application-34-Service,EndDevice-34,Application-34-Service,12600
5589,Application-31,M_Req,missing_destination,56,Application-31-Service,EndDevice-31,Application-31-Service,14600
5637,Application-31,M_Req,missing_destination,56,Application-31-Service,EndDevice-31,Application-31-Service,14700
5714,Application-21,M_Req,missing_destination,46,Application-21-Service,EndDevice-21,Application-21-Service,14900
5718,Application-22,M_Req,missing_destination,47,Application-22-Service,EndDevice-22,Application-22-Service,14900
7074,Application-10,M_Req,missing_destination,35,Application-10-Service,EndDevice-10,Application-10-Service,18500
7080,Application-11,M_Req,missing_destination,36,Application-11-Service,EndDevice-11,Application-11-Service,18500
7117,Application-10,M_Req,missing_destination,35,Application-10-Service,EndDevice-10,Application-10-Service,18600
7122,Application-11,M_Req,missing_destination,36,Application-11-Service,EndDevice-11,Application-11-Service,18600
8582,Application-29,M_Req,missing_destination,54,Application-29-Service,EndDevice-29,Application-29-Service,22400
8630,Application-29,M_Req,missing_destination,54,Application-29-Service,EndDevice-29,Application-29-Service,22500
14450,Application-31,M_Req,missing_destination,56,Application-31-Service,EndDevice-31,Application-31-Service,37700
14453,Application-30,M_Req,missing_destination,55,Application-30-Service,EndDevice-30,Application-30-Service,37700
14455,Application-29,M_Req,missing_destination,54,Application-29-Service,EndDevice-29,Application-29-Service,37700
16046,Application-27,M_Req,missing_destination,52,Application-27-Service,EndDevice-27,Application-27-Service,41900
16090,Application-27,M_Req,missing_destination,52,Application-27-Service,EndDevice-27,Application-27-Service,42000
18925,Application-45,M_Req,missing_destination,70,Application-45-Service,EndDevice-45,Application-45-Service,49400
18973,Application-45,M_Req,missing_destination,70,Application-45-Service,EndDevice-45,Application-45-Service,49500
19267,Application-22,M_Req,missing_destination,47,Application-22-Service,EndDevice-22,Application-22-Service,50300
19286,Application-23,M_Req,missing_destination,48,Application-23-Service,EndDevice-23,Application-23-Service,50300
19308,Application-22,M_Req,missing_destination,47,Application-22-Service,EndDevice-22,Application-22-Service,50400
26505,Application-36,M_Req,missing_destination,61,Application-36-Service,EndDevice-36,Application-36-Service,69200
26514,Application-1,M_Req,missing_destination,26,Application-1-Service,EndDevice-1,Application-1-Service,69200
26515,Application-9,M_Req,missing_destination,34,Application-9-Service,EndDevice-9,Application-9-Service,69200
26516,Application-5,M_Req,missing_destination,30,Application-5-Service,EndDevice-5,Application-5-Service,69200
26553,Application-36,M_Req,missing_destination,61,Application-36-Service,EndDevice-36,Application-36-Service,69300
26562,Application-1,M_Req,missing_destination,26,Application-1-Service,EndDevice-1,Application-1-Service,69300
26563,Application-9,M_Req,missing_destination,34,Application-9-Service,EndDevice-9,Application-9-Service,69300
26564,Application-5,M_Req,missing_destination,30,Application-5-Service,EndDevice-5,Application-5-Service,69300
27314,Application-44,M_Req,missing_destination,69,Application-44-Service,EndDevice-44,Application-44-Service,71300
27328,Application-43,M_Req,missing_destination,68,Application-43-Service,EndDevice-43,Application-43-Service,71300
27357,Application-44,M_Req,missing_destination,69,Application-44-Service,EndDevice-44,Application-44-Service,71400
28230,Application-36,M_Req,missing_destination,61,Application-36-Service,EndDevice-36,Application-36-Service,73700
28457,Application-4,M_Req,missing_destination,29,Application-4-Service,EndDevice-4,Application-4-Service,74300
28460,Application-2,M_Req,missing_destination,27,Application-2-Service,EndDevice-2,Application-2-Service,74300
28499,Application-4,M_Req,missing_destination,29,Application-4-Service,EndDevice-4,Application-4-Service,74400
28502,Application-2,M_Req,missing_destination,27,Application-2-Service,EndDevice-2,Application-2-Service,74400
30413,Application-17,M_Req,missing_destination,42,Application-17-Service,EndDevice-17,Application-17-Service,79400
30419,Application-14,M_Req,missing_destination,39,Application-14-Service,EndDevice-14,Application-14-Service,79400
30424,Application-19,M_Req,missing_destination,44,Application-19-Service,EndDevice-19,Application-19-Service,79400
30461,Application-17,M_Req,missing_destination,42,Application-17-Service,EndDevice-17,Application-17-Service,79500
30467,Application-14,M_Req,missing_destination,39,Application-14-Service,EndDevice-14,Application-14-Service,79500
30472,Application-19,M_Req,missing_destination,44,Application-19-Service,EndDevice-19,Application-19-Service,79500
