time,total_nodes,cloud_nodes,proxy_nodes,fog_nodes,end_nodes,other_nodes
0,74,1,1,12,0,60
50,74,1,1,12,0,60
100,74,1,1,12,0,60
150,74,1,1,12,0,60
200,74,1,1,12,0,60
250,74,1,1,12,0,60
300,73,1,1,11,0,60
350,73,1,1,11,0,60
400,73,1,1,11,0,60
450,73,1,1,11,0,60
500,73,1,1,11,0,60
550,73,1,1,11,0,60
600,72,1,1,10,0,60
650,72,1,1,10,0,60
700,72,1,1,10,0,60
750,72,1,1,10,0,60
800,72,1,1,10,0,60
850,72,1,1,10,0,60
900,71,1,1,9,0,60
950,71,1,1,9,0,60
1000,71,1,1,9,0,60
1050,71,1,1,9,0,60
1100,71,1,1,9,0,60
1150,71,1,1,9,0,60
1200,70,1,1,8,0,60
1250,70,1,1,8,0,60
1300,70,1,1,8,0,60
1350,70,1,1,8,0,60
1400,70,1,1,8,0,60
1450,70,1,1,8,0,60
1500,69,1,1,7,0,60
1550,69,1,1,7,0,60
1600,69,1,1,7,0,60
1650,69,1,1,7,0,60
1700,69,1,1,7,0,60
1750,69,1,1,7,0,60
1800,68,1,1,6,0,60
1850,68,1,1,6,0,60
1900,68,1,1,6,0,60
1950,68,1,1,6,0,60
2000,68,1,1,6,0,60
2050,68,1,1,6,0,60
2100,67,1,1,5,0,60
2150,67,1,1,5,0,60
2200,67,1,1,5,0,60
2250,67,1,1,5,0,60
2300,67,1,1,5,0,60
2350,67,1,1,5,0,60
2400,66,1,1,4,0,60
2450,66,1,1,4,0,60
2500,66,1,1,4,0,60
2550,66,1,1,4,0,60
2600,66,1,1,4,0,60
2650,66,1,1,4,0,60
2700,65,1,1,3,0,60
2750,65,1,1,3,0,60
2800,65,1,1,3,0,60
2850,65,1,1,3,0,60
2900,65,1,1,3,0,60
2950,65,1,1,3,0,60
3000,65,1,1,3,0,60
3050,65,1,1,3,0,60
3100,65,1,1,3,0,60
3150,65,1,1,3,0,60
3200,65,1,1,3,0,60
3250,65,1,1,3,0,60
3300,65,1,1,3,0,60
3350,65,1,1,3,0,60
3400,65,1,1,3,0,60
3450,65,1,1,3,0,60
3500,65,1,1,3,0,60
3550,65,1,1,3,0,60
3600,65,1,1,3,0,60
3650,65,1,1,3,0,60
3700,65,1,1,3,0,60
3750,65,1,1,3,0,60
3800,65,1,1,3,0,60
3850,65,1,1,3,0,60
3900,65,1,1,3,0,60
3950,65,1,1,3,0,60
4000,65,1,1,3,0,60
4050,65,1,1,3,0,60
4100,65,1,1,3,0,60
4150,65,1,1,3,0,60
4200,65,1,1,3,0,60
4250,65,1,1,3,0,60
4300,65,1,1,3,0,60
4350,65,1,1,3,0,60
4400,65,1,1,3,0,60
4450,65,1,1,3,0,60
4500,65,1,1,3,0,60
4550,65,1,1,3,0,60
4600,65,1,1,3,0,60
4650,65,1,1,3,0,60
4700,65,1,1,3,0,60
4750,65,1,1,3,0,60
4800,65,1,1,3,0,60
4850,65,1,1,3,0,60
4900,65,1,1,3,0,60
4950,65,1,1,3,0,60
5000,65,1,1,3,0,60
5050,65,1,1,3,0,60
5100,65,1,1,3,0,60
5150,65,1,1,3,0,60
5200,65,1,1,3,0,60
5250,65,1,1,3,0,60
5300,65,1,1,3,0,60
5350,65,1,1,3,0,60
5400,65,1,1,3,0,60
5450,65,1,1,3,0,60
5500,65,1,1,3,0,60
5550,65,1,1,3,0,60
5600,65,1,1,3,0,60
5650,65,1,1,3,0,60
5700,65,1,1,3,0,60
5750,65,1,1,3,0,60
5800,65,1,1,3,0,60
5850,65,1,1,3,0,60
5900,65,1,1,3,0,60
5950,65,1,1,3,0,60
6000,65,1,1,3,0,60
6050,65,1,1,3,0,60
6100,65,1,1,3,0,60
6150,65,1,1,3,0,60
6200,65,1,1,3,0,60
6250,65,1,1,3,0,60
6300,65,1,1,3,0,60
6350,65,1,1,3,0,60
6400,65,1,1,3,0,60
6450,65,1,1,3,0,60
6500,65,1,1,3,0,60
6550,65,1,1,3,0,60
6600,65,1,1,3,0,60
6650,65,1,1,3,0,60
6700,65,1,1,3,0,60
6750,65,1,1,3,0,60
6800,65,1,1,3,0,60
6850,65,1,1,3,0,60
6900,65,1,1,3,0,60
6950,65,1,1,3,0,60
7000,65,1,1,3,0,60
7050,65,1,1,3,0,60
7100,65,1,1,3,0,60
7150,65,1,1,3,0,60
7200,65,1,1,3,0,60
7250,65,1,1,3,0,60
7300,65,1,1,3,0,60
7350,65,1,1,3,0,60
7400,65,1,1,3,0,60
7450,65,1,1,3,0,60
7500,65,1,1,3,0,60
7550,65,1,1,3,0,60
7600,65,1,1,3,0,60
7650,65,1,1,3,0,60
7700,65,1,1,3,0,60
7750,65,1,1,3,0,60
7800,65,1,1,3,0,60
7850,65,1,1,3,0,60
7900,65,1,1,3,0,60
7950,65,1,1,3,0,60
8000,65,1,1,3,0,60
8050,65,1,1,3,0,60
8100,65,1,1,3,0,60
8150,65,1,1,3,0,60
8200,65,1,1,3,0,60
8250,65,1,1,3,0,60
8300,65,1,1,3,0,60
8350,65,1,1,3,0,60
8400,65,1,1,3,0,60
8450,65,1,1,3,0,60
8500,65,1,1,3,0,60
8550,65,1,1,3,0,60
8600,65,1,1,3,0,60
8650,65,1,1,3,0,60
8700,65,1,1,3,0,60
8750,65,1,1,3,0,60
8800,65,1,1,3,0,60
8850,65,1,1,3,0,60
8900,65,1,1,3,0,60
8950,65,1,1,3,0,60
9000,65,1,1,3,0,60
9050,65,1,1,3,0,60
9100,65,1,1,3,0,60
9150,65,1,1,3,0,60
9200,65,1,1,3,0,60
9250,65,1,1,3,0,60
9300,65,1,1,3,0,60
9350,65,1,1,3,0,60
9400,65,1,1,3,0,60
9450,65,1,1,3,0,60
9500,65,1,1,3,0,60
9550,65,1,1,3,0,60
9600,65,1,1,3,0,60
9650,65,1,1,3,0,60
9700,65,1,1,3,0,60
9750,65,1,1,3,0,60
9800,65,1,1,3,0,60
9850,65,1,1,3,0,60
9900,65,1,1,3,0,60
9950,65,1,1,3,0,60
10000,65,1,1,3,0,60
10050,65,1,1,3,0,60
10100,65,1,1,3,0,60
10150,65,1,1,3,0,60
10200,65,1,1,3,0,60
10250,65,1,1,3,0,60
10300,65,1,1,3,0,60
10350,65,1,1,3,0,60
10400,65,1,1,3,0,60
10450,65,1,1,3,0,60
10500,65,1,1,3,0,60
10550,65,1,1,3,0,60
10600,65,1,1,3,0,60
10650,65,1,1,3,0,60
10700,65,1,1,3,0,60
10750,65,1,1,3,0,60
10800,65,1,1,3,0,60
10850,65,1,1,3,0,60
10900,65,1,1,3,0,60
10950,65,1,1,3,0,60
11000,65,1,1,3,0,60
11050,65,1,1,3,0,60
11100,65,1,1,3,0,60
11150,65,1,1,3,0,60
11200,65,1,1,3,0,60
11250,65,1,1,3,0,60
11300,65,1,1,3,0,60
11350,65,1,1,3,0,60
11400,65,1,1,3,0,60
11450,65,1,1,3,0,60
11500,65,1,1,3,0,60
11550,65,1,1,3,0,60
11600,65,1,1,3,0,60
11650,65,1,1,3,0,60
11700,65,1,1,3,0,60
11750,65,1,1,3,0,60
11800,65,1,1,3,0,60
11850,65,1,1,3,0,60
11900,65,1,1,3,0,60
11950,65,1,1,3,0,60
12000,65,1,1,3,0,60
12050,65,1,1,3,0,60
12100,65,1,1,3,0,60
12150,65,1,1,3,0,60
12200,65,1,1,3,0,60
12250,65,1,1,3,0,60
12300,65,1,1,3,0,60
12350,65,1,1,3,0,60
12400,65,1,1,3,0,60
12450,65,1,1,3,0,60
12500,65,1,1,3,0,60
12550,65,1,1,3,0,60
12600,65,1,1,3,0,60
12650,65,1,1,3,0,60
12700,65,1,1,3,0,60
12750,65,1,1,3,0,60
12800,65,1,1,3,0,60
12850,65,1,1,3,0,60
12900,65,1,1,3,0,60
12950,65,1,1,3,0,60
13000,65,1,1,3,0,60
13050,65,1,1,3,0,60
13100,65,1,1,3,0,60
13150,65,1,1,3,0,60
13200,65,1,1,3,0,60
13250,65,1,1,3,0,60
13300,65,1,1,3,0,60
13350,65,1,1,3,0,60
13400,65,1,1,3,0,60
13450,65,1,1,3,0,60
13500,65,1,1,3,0,60
13550,65,1,1,3,0,60
13600,65,1,1,3,0,60
13650,65,1,1,3,0,60
13700,65,1,1,3,0,60
13750,65,1,1,3,0,60
13800,65,1,1,3,0,60
13850,65,1,1,3,0,60
13900,65,1,1,3,0,60
13950,65,1,1,3,0,60
14000,65,1,1,3,0,60
14050,65,1,1,3,0,60
14100,65,1,1,3,0,60
14150,65,1,1,3,0,60
14200,65,1,1,3,0,60
14250,65,1,1,3,0,60
14300,65,1,1,3,0,60
14350,65,1,1,3,0,60
14400,65,1,1,3,0,60
14450,65,1,1,3,0,60
14500,65,1,1,3,0,60
14550,65,1,1,3,0,60
14600,65,1,1,3,0,60
14650,65,1,1,3,0,60
14700,65,1,1,3,0,60
14750,65,1,1,3,0,60
14800,65,1,1,3,0,60
14850,65,1,1,3,0,60
14900,65,1,1,3,0,60
14950,65,1,1,3,0,60
15000,65,1,1,3,0,60
15050,65,1,1,3,0,60
15100,65,1,1,3,0,60
15150,65,1,1,3,0,60
15200,65,1,1,3,0,60
15250,65,1,1,3,0,60
15300,65,1,1,3,0,60
15350,65,1,1,3,0,60
15400,65,1,1,3,0,60
15450,65,1,1,3,0,60
15500,65,1,1,3,0,60
15550,65,1,1,3,0,60
15600,65,1,1,3,0,60
15650,65,1,1,3,0,60
15700,65,1,1,3,0,60
15750,65,1,1,3,0,60
15800,65,1,1,3,0,60
15850,65,1,1,3,0,60
15900,65,1,1,3,0,60
15950,65,1,1,3,0,60
16000,65,1,1,3,0,60
16050,65,1,1,3,0,60
16100,65,1,1,3,0,60
16150,65,1,1,3,0,60
16200,65,1,1,3,0,60
16250,65,1,1,3,0,60
16300,65,1,1,3,0,60
16350,65,1,1,3,0,60
16400,65,1,1,3,0,60
16450,65,1,1,3,0,60
16500,65,1,1,3,0,60
16550,65,1,1,3,0,60
16600,65,1,1,3,0,60
16650,65,1,1,3,0,60
16700,65,1,1,3,0,60
16750,65,1,1,3,0,60
16800,65,1,1,3,0,60
16850,65,1,1,3,0,60
16900,65,1,1,3,0,60
16950,65,1,1,3,0,60
17000,65,1,1,3,0,60
17050,65,1,1,3,0,60
17100,65,1,1,3,0,60
17150,65,1,1,3,0,60
17200,65,1,1,3,0,60
17250,65,1,1,3,0,60
17300,65,1,1,3,0,60
17350,65,1,1,3,0,60
17400,65,1,1,3,0,60
17450,65,1,1,3,0,60
17500,65,1,1,3,0,60
17550,65,1,1,3,0,60
17600,65,1,1,3,0,60
17650,65,1,1,3,0,60
17700,65,1,1,3,0,60
17750,65,1,1,3,0,60
17800,65,1,1,3,0,60
17850,65,1,1,3,0,60
17900,65,1,1,3,0,60
17950,65,1,1,3,0,60
18000,65,1,1,3,0,60
18050,65,1,1,3,0,60
18100,65,1,1,3,0,60
18150,65,1,1,3,0,60
18200,65,1,1,3,0,60
18250,65,1,1,3,0,60
18300,65,1,1,3,0,60
18350,65,1,1,3,0,60
18400,65,1,1,3,0,60
18450,65,1,1,3,0,60
18500,65,1,1,3,0,60
18550,65,1,1,3,0,60
18600,65,1,1,3,0,60
18650,65,1,1,3,0,60
18700,65,1,1,3,0,60
18750,65,1,1,3,0,60
18800,65,1,1,3,0,60
18850,65,1,1,3,0,60
18900,65,1,1,3,0,60
18950,65,1,1,3,0,60
19000,65,1,1,3,0,60
19050,65,1,1,3,0,60
19100,65,1,1,3,0,60
19150,65,1,1,3,0,60
19200,65,1,1,3,0,60
19250,65,1,1,3,0,60
19300,65,1,1,3,0,60
19350,65,1,1,3,0,60
19400,65,1,1,3,0,60
19450,65,1,1,3,0,60
19500,65,1,1,3,0,60
19550,65,1,1,3,0,60
19600,65,1,1,3,0,60
19650,65,1,1,3,0,60
19700,65,1,1,3,0,60
19750,65,1,1,3,0,60
19800,65,1,1,3,0,60
19850,65,1,1,3,0,60
19900,65,1,1,3,0,60
19950,65,1,1,3,0,60
20000,65,1,1,3,0,60
20050,65,1,1,3,0,60
20100,65,1,1,3,0,60
20150,65,1,1,3,0,60
20200,65,1,1,3,0,60
20250,65,1,1,3,0,60
20300,65,1,1,3,0,60
20350,65,1,1,3,0,60
20400,65,1,1,3,0,60
20450,65,1,1,3,0,60
20500,65,1,1,3,0,60
20550,65,1,1,3,0,60
20600,65,1,1,3,0,60
20650,65,1,1,3,0,60
20700,65,1,1,3,0,60
20750,65,1,1,3,0,60
20800,65,1,1,3,0,60
20850,65,1,1,3,0,60
20900,65,1,1,3,0,60
20950,65,1,1,3,0,60
21000,65,1,1,3,0,60
21050,65,1,1,3,0,60
21100,65,1,1,3,0,60
21150,65,1,1,3,0,60
21200,65,1,1,3,0,60
21250,65,1,1,3,0,60
21300,65,1,1,3,0,60
21350,65,1,1,3,0,60
21400,65,1,1,3,0,60
21450,65,1,1,3,0,60
21500,65,1,1,3,0,60
21550,65,1,1,3,0,60
21600,65,1,1,3,0,60
21650,65,1,1,3,0,60
21700,65,1,1,3,0,60
21750,65,1,1,3,0,60
21800,65,1,1,3,0,60
21850,65,1,1,3,0,60
21900,65,1,1,3,0,60
21950,65,1,1,3,0,60
22000,65,1,1,3,0,60
22050,65,1,1,3,0,60
22100,65,1,1,3,0,60
22150,65,1,1,3,0,60
22200,65,1,1,3,0,60
22250,65,1,1,3,0,60
22300,65,1,1,3,0,60
22350,65,1,1,3,0,60
22400,65,1,1,3,0,60
22450,65,1,1,3,0,60
22500,65,1,1,3,0,60
22550,65,1,1,3,0,60
22600,65,1,1,3,0,60
22650,65,1,1,3,0,60
22700,65,1,1,3,0,60
22750,65,1,1,3,0,60
22800,65,1,1,3,0,60
22850,65,1,1,3,0,60
22900,65,1,1,3,0,60
22950,65,1,1,3,0,60
23000,65,1,1,3,0,60
23050,65,1,1,3,0,60
23100,65,1,1,3,0,60
23150,65,1,1,3,0,60
23200,65,1,1,3,0,60
23250,65,1,1,3,0,60
23300,65,1,1,3,0,60
23350,65,1,1,3,0,60
23400,65,1,1,3,0,60
23450,65,1,1,3,0,60
23500,65,1,1,3,0,60
23550,65,1,1,3,0,60
23600,65,1,1,3,0,60
23650,65,1,1,3,0,60
23700,65,1,1,3,0,60
23750,65,1,1,3,0,60
23800,65,1,1,3,0,60
23850,65,1,1,3,0,60
23900,65,1,1,3,0,60
23950,65,1,1,3,0,60
24000,65,1,1,3,0,60
24050,65,1,1,3,0,60
24100,65,1,1,3,0,60
24150,65,1,1,3,0,60
24200,65,1,1,3,0,60
24250,65,1,1,3,0,60
24300,65,1,1,3,0,60
24350,65,1,1,3,0,60
24400,65,1,1,3,0,60
24450,65,1,1,3,0,60
24500,65,1,1,3,0,60
24550,65,1,1,3,0,60
24600,65,1,1,3,0,60
24650,65,1,1,3,0,60
24700,65,1,1,3,0,60
24750,65,1,1,3,0,60
24800,65,1,1,3,0,60
24850,65,1,1,3,0,60
24900,65,1,1,3,0,60
24950,65,1,1,3,0,60
25000,65,1,1,3,0,60
25050,65,1,1,3,0,60
25100,65,1,1,3,0,60
25150,65,1,1,3,0,60
25200,65,1,1,3,0,60
25250,65,1,1,3,0,60
25300,65,1,1,3,0,60
25350,65,1,1,3,0,60
25400,65,1,1,3,0,60
25450,65,1,1,3,0,60
25500,65,1,1,3,0,60
25550,65,1,1,3,0,60
25600,65,1,1,3,0,60
25650,65,1,1,3,0,60
25700,65,1,1,3,0,60
25750,65,1,1,3,0,60
25800,65,1,1,3,0,60
25850,65,1,1,3,0,60
25900,65,1,1,3,0,60
25950,65,1,1,3,0,60
26000,65,1,1,3,0,60
26050,65,1,1,3,0,60
26100,65,1,1,3,0,60
26150,65,1,1,3,0,60
26200,65,1,1,3,0,60
26250,65,1,1,3,0,60
26300,65,1,1,3,0,60
26350,65,1,1,3,0,60
26400,65,1,1,3,0,60
26450,65,1,1,3,0,60
26500,65,1,1,3,0,60
26550,65,1,1,3,0,60
26600,65,1,1,3,0,60
26650,65,1,1,3,0,60
26700,65,1,1,3,0,60
26750,65,1,1,3,0,60
26800,65,1,1,3,0,60
26850,65,1,1,3,0,60
26900,65,1,1,3,0,60
26950,65,1,1,3,0,60
27000,65,1,1,3,0,60
27050,65,1,1,3,0,60
27100,65,1,1,3,0,60
27150,65,1,1,3,0,60
27200,65,1,1,3,0,60
27250,65,1,1,3,0,60
27300,65,1,1,3,0,60
27350,65,1,1,3,0,60
27400,65,1,1,3,0,60
27450,65,1,1,3,0,60
27500,65,1,1,3,0,60
27550,65,1,1,3,0,60
27600,65,1,1,3,0,60
27650,65,1,1,3,0,60
27700,65,1,1,3,0,60
27750,65,1,1,3,0,60
27800,65,1,1,3,0,60
27850,65,1,1,3,0,60
27900,65,1,1,3,0,60
27950,65,1,1,3,0,60
28000,65,1,1,3,0,60
28050,65,1,1,3,0,60
28100,65,1,1,3,0,60
28150,65,1,1,3,0,60
28200,65,1,1,3,0,60
28250,65,1,1,3,0,60
28300,65,1,1,3,0,60
28350,65,1,1,3,0,60
28400,65,1,1,3,0,60
28450,65,1,1,3,0,60
28500,65,1,1,3,0,60
28550,65,1,1,3,0,60
28600,65,1,1,3,0,60
28650,65,1,1,3,0,60
28700,65,1,1,3,0,60
28750,65,1,1,3,0,60
28800,65,1,1,3,0,60
28850,65,1,1,3,0,60
28900,65,1,1,3,0,60
28950,65,1,1,3,0,60
29000,65,1,1,3,0,60
29050,65,1,1,3,0,60
29100,65,1,1,3,0,60
29150,65,1,1,3,0,60
29200,65,1,1,3,0,60
29250,65,1,1,3,0,60
29300,65,1,1,3,0,60
29350,65,1,1,3,0,60
29400,65,1,1,3,0,60
29450,65,1,1,3,0,60
29500,65,1,1,3,0,60
29550,65,1,1,3,0,60
29600,65,1,1,3,0,60
29650,65,1,1,3,0,60
29700,65,1,1,3,0,60
29750,65,1,1,3,0,60
29800,65,1,1,3,0,60
29850,65,1,1,3,0,60
29900,65,1,1,3,0,60
29950,65,1,1,3,0,60
30000,65,1,1,3,0,60
30050,65,1,1,3,0,60
30100,65,1,1,3,0,60
30150,65,1,1,3,0,60
30200,65,1,1,3,0,60
30250,65,1,1,3,0,60
30300,65,1,1,3,0,60
30350,65,1,1,3,0,60
30400,65,1,1,3,0,60
30450,65,1,1,3,0,60
30500,65,1,1,3,0,60
30550,65,1,1,3,0,60
30600,65,1,1,3,0,60
30650,65,1,1,3,0,60
30700,65,1,1,3,0,60
30750,65,1,1,3,0,60
30800,65,1,1,3,0,60
30850,65,1,1,3,0,60
30900,65,1,1,3,0,60
30950,65,1,1,3,0,60
31000,65,1,1,3,0,60
31050,65,1,1,3,0,60
31100,65,1,1,3,0,60
31150,65,1,1,3,0,60
31200,65,1,1,3,0,60
31250,65,1,1,3,0,60
31300,65,1,1,3,0,60
31350,65,1,1,3,0,60
31400,65,1,1,3,0,60
31450,65,1,1,3,0,60
31500,65,1,1,3,0,60
31550,65,1,1,3,0,60
31600,65,1,1,3,0,60
31650,65,1,1,3,0,60
31700,65,1,1,3,0,60
31750,65,1,1,3,0,60
31800,65,1,1,3,0,60
31850,65,1,1,3,0,60
31900,65,1,1,3,0,60
31950,65,1,1,3,0,60
32000,65,1,1,3,0,60
32050,65,1,1,3,0,60
32100,65,1,1,3,0,60
32150,65,1,1,3,0,60
32200,65,1,1,3,0,60
32250,65,1,1,3,0,60
32300,65,1,1,3,0,60
32350,65,1,1,3,0,60
32400,65,1,1,3,0,60
32450,65,1,1,3,0,60
32500,65,1,1,3,0,60
32550,65,1,1,3,0,60
32600,65,1,1,3,0,60
32650,65,1,1,3,0,60
32700,65,1,1,3,0,60
32750,65,1,1,3,0,60
32800,65,1,1,3,0,60
32850,65,1,1,3,0,60
32900,65,1,1,3,0,60
32950,65,1,1,3,0,60
33000,65,1,1,3,0,60
33050,65,1,1,3,0,60
33100,65,1,1,3,0,60
33150,65,1,1,3,0,60
33200,65,1,1,3,0,60
33250,65,1,1,3,0,60
33300,65,1,1,3,0,60
33350,65,1,1,3,0,60
33400,65,1,1,3,0,60
33450,65,1,1,3,0,60
33500,65,1,1,3,0,60
33550,65,1,1,3,0,60
33600,65,1,1,3,0,60
33650,65,1,1,3,0,60
33700,65,1,1,3,0,60
33750,65,1,1,3,0,60
33800,65,1,1,3,0,60
33850,65,1,1,3,0,60
33900,65,1,1,3,0,60
33950,65,1,1,3,0,60
34000,65,1,1,3,0,60
34050,65,1,1,3,0,60
34100,65,1,1,3,0,60
34150,65,1,1,3,0,60
34200,65,1,1,3,0,60
34250,65,1,1,3,0,60
34300,65,1,1,3,0,60
34350,65,1,1,3,0,60
34400,65,1,1,3,0,60
34450,65,1,1,3,0,60
34500,65,1,1,3,0,60
34550,65,1,1,3,0,60
34600,65,1,1,3,0,60
34650,65,1,1,3,0,60
34700,65,1,1,3,0,60
34750,65,1,1,3,0,60
34800,65,1,1,3,0,60
34850,65,1,1,3,0,60
34900,65,1,1,3,0,60
34950,65,1,1,3,0,60
35000,65,1,1,3,0,60
35050,65,1,1,3,0,60
35100,65,1,1,3,0,60
35150,65,1,1,3,0,60
35200,65,1,1,3,0,60
35250,65,1,1,3,0,60
35300,65,1,1,3,0,60
35350,65,1,1,3,0,60
35400,65,1,1,3,0,60
35450,65,1,1,3,0,60
35500,65,1,1,3,0,60
35550,65,1,1,3,0,60
35600,65,1,1,3,0,60
35650,65,1,1,3,0,60
35700,65,1,1,3,0,60
35750,65,1,1,3,0,60
35800,65,1,1,3,0,60
35850,65,1,1,3,0,60
35900,65,1,1,3,0,60
35950,65,1,1,3,0,60
36000,65,1,1,3,0,60
36050,65,1,1,3,0,60
36100,65,1,1,3,0,60
36150,65,1,1,3,0,60
36200,65,1,1,3,0,60
36250,65,1,1,3,0,60
36300,65,1,1,3,0,60
36350,65,1,1,3,0,60
36400,65,1,1,3,0,60
36450,65,1,1,3,0,60
36500,65,1,1,3,0,60
36550,65,1,1,3,0,60
36600,65,1,1,3,0,60
36650,65,1,1,3,0,60
36700,65,1,1,3,0,60
36750,65,1,1,3,0,60
36800,65,1,1,3,0,60
36850,65,1,1,3,0,60
36900,65,1,1,3,0,60
36950,65,1,1,3,0,60
37000,65,1,1,3,0,60
37050,65,1,1,3,0,60
37100,65,1,1,3,0,60
37150,65,1,1,3,0,60
37200,65,1,1,3,0,60
37250,65,1,1,3,0,60
37300,65,1,1,3,0,60
37350,65,1,1,3,0,60
37400,65,1,1,3,0,60
37450,65,1,1,3,0,60
37500,65,1,1,3,0,60
37550,65,1,1,3,0,60
37600,65,1,1,3,0,60
37650,65,1,1,3,0,60
37700,65,1,1,3,0,60
37750,65,1,1,3,0,60
37800,65,1,1,3,0,60
37850,65,1,1,3,0,60
37900,65,1,1,3,0,60
37950,65,1,1,3,0,60
38000,65,1,1,3,0,60
38050,65,1,1,3,0,60
38100,65,1,1,3,0,60
38150,65,1,1,3,0,60
38200,65,1,1,3,0,60
38250,65,1,1,3,0,60
38300,65,1,1,3,0,60
38350,65,1,1,3,0,60
38400,65,1,1,3,0,60
38450,65,1,1,3,0,60
38500,65,1,1,3,0,60
38550,65,1,1,3,0,60
38600,65,1,1,3,0,60
38650,65,1,1,3,0,60
38700,65,1,1,3,0,60
38750,65,1,1,3,0,60
38800,65,1,1,3,0,60
38850,65,1,1,3,0,60
38900,65,1,1,3,0,60
38950,65,1,1,3,0,60
39000,65,1,1,3,0,60
39050,65,1,1,3,0,60
39100,65,1,1,3,0,60
39150,65,1,1,3,0,60
39200,65,1,1,3,0,60
39250,65,1,1,3,0,60
39300,65,1,1,3,0,60
39350,65,1,1,3,0,60
39400,65,1,1,3,0,60
39450,65,1,1,3,0,60
39500,65,1,1,3,0,60
39550,65,1,1,3,0,60
39600,65,1,1,3,0,60
39650,65,1,1,3,0,60
39700,65,1,1,3,0,60
39750,65,1,1,3,0,60
39800,65,1,1,3,0,60
39850,65,1,1,3,0,60
39900,65,1,1,3,0,60
39950,65,1,1,3,0,60
40000,65,1,1,3,0,60
40050,65,1,1,3,0,60
40100,65,1,1,3,0,60
40150,65,1,1,3,0,60
40200,65,1,1,3,0,60
40250,65,1,1,3,0,60
40300,65,1,1,3,0,60
40350,65,1,1,3,0,60
40400,65,1,1,3,0,60
40450,65,1,1,3,0,60
40500,65,1,1,3,0,60
40550,65,1,1,3,0,60
40600,65,1,1,3,0,60
40650,65,1,1,3,0,60
40700,65,1,1,3,0,60
40750,65,1,1,3,0,60
40800,65,1,1,3,0,60
40850,65,1,1,3,0,60
40900,65,1,1,3,0,60
40950,65,1,1,3,0,60
41000,65,1,1,3,0,60
41050,65,1,1,3,0,60
41100,65,1,1,3,0,60
41150,65,1,1,3,0,60
41200,65,1,1,3,0,60
41250,65,1,1,3,0,60
41300,65,1,1,3,0,60
41350,65,1,1,3,0,60
41400,65,1,1,3,0,60
41450,65,1,1,3,0,60
41500,65,1,1,3,0,60
41550,65,1,1,3,0,60
41600,65,1,1,3,0,60
41650,65,1,1,3,0,60
41700,65,1,1,3,0,60
41750,65,1,1,3,0,60
41800,65,1,1,3,0,60
41850,65,1,1,3,0,60
41900,65,1,1,3,0,60
41950,65,1,1,3,0,60
42000,65,1,1,3,0,60
42050,65,1,1,3,0,60
42100,65,1,1,3,0,60
42150,65,1,1,3,0,60
42200,65,1,1,3,0,60
42250,65,1,1,3,0,60
42300,65,1,1,3,0,60
42350,65,1,1,3,0,60
42400,65,1,1,3,0,60
42450,65,1,1,3,0,60
42500,65,1,1,3,0,60
42550,65,1,1,3,0,60
42600,65,1,1,3,0,60
42650,65,1,1,3,0,60
42700,65,1,1,3,0,60
42750,65,1,1,3,0,60
42800,65,1,1,3,0,60
42850,65,1,1,3,0,60
42900,65,1,1,3,0,60
42950,65,1,1,3,0,60
43000,65,1,1,3,0,60
43050,65,1,1,3,0,60
43100,65,1,1,3,0,60
43150,65,1,1,3,0,60
43200,65,1,1,3,0,60
43250,65,1,1,3,0,60
43300,65,1,1,3,0,60
43350,65,1,1,3,0,60
43400,65,1,1,3,0,60
43450,65,1,1,3,0,60
43500,65,1,1,3,0,60
43550,65,1,1,3,0,60
43600,65,1,1,3,0,60
43650,65,1,1,3,0,60
43700,65,1,1,3,0,60
43750,65,1,1,3,0,60
43800,65,1,1,3,0,60
43850,65,1,1,3,0,60
43900,65,1,1,3,0,60
43950,65,1,1,3,0,60
44000,65,1,1,3,0,60
44050,65,1,1,3,0,60
44100,65,1,1,3,0,60
44150,65,1,1,3,0,60
44200,65,1,1,3,0,60
44250,65,1,1,3,0,60
44300,65,1,1,3,0,60
44350,65,1,1,3,0,60
44400,65,1,1,3,0,60
44450,65,1,1,3,0,60
44500,65,1,1,3,0,60
44550,65,1,1,3,0,60
44600,65,1,1,3,0,60
44650,65,1,1,3,0,60
44700,65,1,1,3,0,60
44750,65,1,1,3,0,60
44800,65,1,1,3,0,60
44850,65,1,1,3,0,60
44900,65,1,1,3,0,60
44950,65,1,1,3,0,60
45000,65,1,1,3,0,60
45050,65,1,1,3,0,60
45100,65,1,1,3,0,60
45150,65,1,1,3,0,60
45200,65,1,1,3,0,60
45250,65,1,1,3,0,60
45300,65,1,1,3,0,60
45350,65,1,1,3,0,60
45400,65,1,1,3,0,60
45450,65,1,1,3,0,60
45500,65,1,1,3,0,60
45550,65,1,1,3,0,60
45600,65,1,1,3,0,60
45650,65,1,1,3,0,60
45700,65,1,1,3,0,60
45750,65,1,1,3,0,60
45800,65,1,1,3,0,60
45850,65,1,1,3,0,60
45900,65,1,1,3,0,60
45950,65,1,1,3,0,60
46000,65,1,1,3,0,60
46050,65,1,1,3,0,60
46100,65,1,1,3,0,60
46150,65,1,1,3,0,60
46200,65,1,1,3,0,60
46250,65,1,1,3,0,60
46300,65,1,1,3,0,60
46350,65,1,1,3,0,60
46400,65,1,1,3,0,60
46450,65,1,1,3,0,60
46500,65,1,1,3,0,60
46550,65,1,1,3,0,60
46600,65,1,1,3,0,60
46650,65,1,1,3,0,60
46700,65,1,1,3,0,60
46750,65,1,1,3,0,60
46800,65,1,1,3,0,60
46850,65,1,1,3,0,60
46900,65,1,1,3,0,60
46950,65,1,1,3,0,60
47000,65,1,1,3,0,60
47050,65,1,1,3,0,60
47100,65,1,1,3,0,60
47150,65,1,1,3,0,60
47200,65,1,1,3,0,60
47250,65,1,1,3,0,60
47300,65,1,1,3,0,60
47350,65,1,1,3,0,60
47400,65,1,1,3,0,60
47450,65,1,1,3,0,60
47500,65,1,1,3,0,60
47550,65,1,1,3,0,60
47600,65,1,1,3,0,60
47650,65,1,1,3,0,60
47700,65,1,1,3,0,60
47750,65,1,1,3,0,60
47800,65,1,1,3,0,60
47850,65,1,1,3,0,60
47900,65,1,1,3,0,60
47950,65,1,1,3,0,60
48000,65,1,1,3,0,60
48050,65,1,1,3,0,60
48100,65,1,1,3,0,60
48150,65,1,1,3,0,60
48200,65,1,1,3,0,60
48250,65,1,1,3,0,60
48300,65,1,1,3,0,60
48350,65,1,1,3,0,60
48400,65,1,1,3,0,60
48450,65,1,1,3,0,60
48500,65,1,1,3,0,60
48550,65,1,1,3,0,60
48600,65,1,1,3,0,60
48650,65,1,1,3,0,60
48700,65,1,1,3,0,60
48750,65,1,1,3,0,60
48800,65,1,1,3,0,60
48850,65,1,1,3,0,60
48900,65,1,1,3,0,60
48950,65,1,1,3,0,60
49000,65,1,1,3,0,60
49050,65,1,1,3,0,60
49100,65,1,1,3,0,60
49150,65,1,1,3,0,60
49200,65,1,1,3,0,60
49250,65,1,1,3,0,60
49300,65,1,1,3,0,60
49350,65,1,1,3,0,60
49400,65,1,1,3,0,60
49450,65,1,1,3,0,60
49500,65,1,1,3,0,60
49550,65,1,1,3,0,60
49600,65,1,1,3,0,60
49650,65,1,1,3,0,60
49700,65,1,1,3,0,60
49750,65,1,1,3,0,60
49800,65,1,1,3,0,60
49850,65,1,1,3,0,60
49900,65,1,1,3,0,60
49950,65,1,1,3,0,60
50000,65,1,1,3,0,60
50050,65,1,1,3,0,60
50100,65,1,1,3,0,60
50150,65,1,1,3,0,60
50200,65,1,1,3,0,60
50250,65,1,1,3,0,60
50300,65,1,1,3,0,60
50350,65,1,1,3,0,60
50400,65,1,1,3,0,60
50450,65,1,1,3,0,60
50500,65,1,1,3,0,60
50550,65,1,1,3,0,60
50600,65,1,1,3,0,60
50650,65,1,1,3,0,60
50700,65,1,1,3,0,60
50750,65,1,1,3,0,60
50800,65,1,1,3,0,60
50850,65,1,1,3,0,60
50900,65,1,1,3,0,60
50950,65,1,1,3,0,60
51000,65,1,1,3,0,60
51050,65,1,1,3,0,60
51100,65,1,1,3,0,60
51150,65,1,1,3,0,60
51200,65,1,1,3,0,60
51250,65,1,1,3,0,60
51300,65,1,1,3,0,60
51350,65,1,1,3,0,60
51400,65,1,1,3,0,60
51450,65,1,1,3,0,60
51500,65,1,1,3,0,60
51550,65,1,1,3,0,60
51600,65,1,1,3,0,60
51650,65,1,1,3,0,60
51700,65,1,1,3,0,60
51750,65,1,1,3,0,60
51800,65,1,1,3,0,60
51850,65,1,1,3,0,60
51900,65,1,1,3,0,60
51950,65,1,1,3,0,60
52000,65,1,1,3,0,60
52050,65,1,1,3,0,60
52100,65,1,1,3,0,60
52150,65,1,1,3,0,60
52200,65,1,1,3,0,60
52250,65,1,1,3,0,60
52300,65,1,1,3,0,60
52350,65,1,1,3,0,60
52400,65,1,1,3,0,60
52450,65,1,1,3,0,60
52500,65,1,1,3,0,60
52550,65,1,1,3,0,60
52600,65,1,1,3,0,60
52650,65,1,1,3,0,60
52700,65,1,1,3,0,60
52750,65,1,1,3,0,60
52800,65,1,1,3,0,60
52850,65,1,1,3,0,60
52900,65,1,1,3,0,60
52950,65,1,1,3,0,60
53000,65,1,1,3,0,60
53050,65,1,1,3,0,60
53100,65,1,1,3,0,60
53150,65,1,1,3,0,60
53200,65,1,1,3,0,60
53250,65,1,1,3,0,60
53300,65,1,1,3,0,60
53350,65,1,1,3,0,60
53400,65,1,1,3,0,60
53450,65,1,1,3,0,60
53500,65,1,1,3,0,60
53550,65,1,1,3,0,60
53600,65,1,1,3,0,60
53650,65,1,1,3,0,60
53700,65,1,1,3,0,60
53750,65,1,1,3,0,60
53800,65,1,1,3,0,60
53850,65,1,1,3,0,60
53900,65,1,1,3,0,60
53950,65,1,1,3,0,60
54000,65,1,1,3,0,60
54050,65,1,1,3,0,60
54100,65,1,1,3,0,60
54150,65,1,1,3,0,60
54200,65,1,1,3,0,60
54250,65,1,1,3,0,60
54300,65,1,1,3,0,60
54350,65,1,1,3,0,60
54400,65,1,1,3,0,60
54450,65,1,1,3,0,60
54500,65,1,1,3,0,60
54550,65,1,1,3,0,60
54600,65,1,1,3,0,60
54650,65,1,1,3,0,60
54700,65,1,1,3,0,60
54750,65,1,1,3,0,60
54800,65,1,1,3,0,60
54850,65,1,1,3,0,60
54900,65,1,1,3,0,60
54950,65,1,1,3,0,60
55000,65,1,1,3,0,60
55050,65,1,1,3,0,60
55100,65,1,1,3,0,60
55150,65,1,1,3,0,60
55200,65,1,1,3,0,60
55250,65,1,1,3,0,60
55300,65,1,1,3,0,60
55350,65,1,1,3,0,60
55400,65,1,1,3,0,60
55450,65,1,1,3,0,60
55500,65,1,1,3,0,60
55550,65,1,1,3,0,60
55600,65,1,1,3,0,60
55650,65,1,1,3,0,60
55700,65,1,1,3,0,60
55750,65,1,1,3,0,60
55800,65,1,1,3,0,60
55850,65,1,1,3,0,60
55900,65,1,1,3,0,60
55950,65,1,1,3,0,60
56000,65,1,1,3,0,60
56050,65,1,1,3,0,60
56100,65,1,1,3,0,60
56150,65,1,1,3,0,60
56200,65,1,1,3,0,60
56250,65,1,1,3,0,60
56300,65,1,1,3,0,60
56350,65,1,1,3,0,60
56400,65,1,1,3,0,60
56450,65,1,1,3,0,60
56500,65,1,1,3,0,60
56550,65,1,1,3,0,60
56600,65,1,1,3,0,60
56650,65,1,1,3,0,60
56700,65,1,1,3,0,60
56750,65,1,1,3,0,60
56800,65,1,1,3,0,60
56850,65,1,1,3,0,60
56900,65,1,1,3,0,60
56950,65,1,1,3,0,60
57000,65,1,1,3,0,60
57050,65,1,1,3,0,60
57100,65,1,1,3,0,60
57150,65,1,1,3,0,60
57200,65,1,1,3,0,60
57250,65,1,1,3,0,60
57300,65,1,1,3,0,60
57350,65,1,1,3,0,60
57400,65,1,1,3,0,60
57450,65,1,1,3,0,60
57500,65,1,1,3,0,60
57550,65,1,1,3,0,60
57600,65,1,1,3,0,60
57650,65,1,1,3,0,60
57700,65,1,1,3,0,60
57750,65,1,1,3,0,60
57800,65,1,1,3,0,60
57850,65,1,1,3,0,60
57900,65,1,1,3,0,60
57950,65,1,1,3,0,60
58000,65,1,1,3,0,60
58050,65,1,1,3,0,60
58100,65,1,1,3,0,60
58150,65,1,1,3,0,60
58200,65,1,1,3,0,60
58250,65,1,1,3,0,60
58300,65,1,1,3,0,60
58350,65,1,1,3,0,60
58400,65,1,1,3,0,60
58450,65,1,1,3,0,60
58500,65,1,1,3,0,60
58550,65,1,1,3,0,60
58600,65,1,1,3,0,60
58650,65,1,1,3,0,60
58700,65,1,1,3,0,60
58750,65,1,1,3,0,60
58800,65,1,1,3,0,60
58850,65,1,1,3,0,60
58900,65,1,1,3,0,60
58950,65,1,1,3,0,60
59000,65,1,1,3,0,60
59050,65,1,1,3,0,60
59100,65,1,1,3,0,60
59150,65,1,1,3,0,60
59200,65,1,1,3,0,60
59250,65,1,1,3,0,60
59300,65,1,1,3,0,60
59350,65,1,1,3,0,60
59400,65,1,1,3,0,60
59450,65,1,1,3,0,60
59500,65,1,1,3,0,60
59550,65,1,1,3,0,60
59600,65,1,1,3,0,60
59650,65,1,1,3,0,60
59700,65,1,1,3,0,60
59750,65,1,1,3,0,60
59800,65,1,1,3,0,60
59850,65,1,1,3,0,60
59900,65,1,1,3,0,60
59950,65,1,1,3,0,60
60000,65,1,1,3,0,60
60050,65,1,1,3,0,60
60100,65,1,1,3,0,60
60150,65,1,1,3,0,60
60200,65,1,1,3,0,60
60250,65,1,1,3,0,60
60300,65,1,1,3,0,60
60350,65,1,1,3,0,60
60400,65,1,1,3,0,60
60450,65,1,1,3,0,60
60500,65,1,1,3,0,60
60550,65,1,1,3,0,60
60600,65,1,1,3,0,60
60650,65,1,1,3,0,60
60700,65,1,1,3,0,60
60750,65,1,1,3,0,60
60800,65,1,1,3,0,60
60850,65,1,1,3,0,60
60900,65,1,1,3,0,60
60950,65,1,1,3,0,60
61000,65,1,1,3,0,60
61050,65,1,1,3,0,60
61100,65,1,1,3,0,60
61150,65,1,1,3,0,60
61200,65,1,1,3,0,60
61250,65,1,1,3,0,60
61300,65,1,1,3,0,60
61350,65,1,1,3,0,60
61400,65,1,1,3,0,60
61450,65,1,1,3,0,60
61500,65,1,1,3,0,60
61550,65,1,1,3,0,60
61600,65,1,1,3,0,60
61650,65,1,1,3,0,60
61700,65,1,1,3,0,60
61750,65,1,1,3,0,60
61800,65,1,1,3,0,60
61850,65,1,1,3,0,60
61900,65,1,1,3,0,60
61950,65,1,1,3,0,60
62000,65,1,1,3,0,60
62050,65,1,1,3,0,60
62100,65,1,1,3,0,60
62150,65,1,1,3,0,60
62200,65,1,1,3,0,60
62250,65,1,1,3,0,60
62300,65,1,1,3,0,60
62350,65,1,1,3,0,60
62400,65,1,1,3,0,60
62450,65,1,1,3,0,60
62500,65,1,1,3,0,60
62550,65,1,1,3,0,60
62600,65,1,1,3,0,60
62650,65,1,1,3,0,60
62700,65,1,1,3,0,60
62750,65,1,1,3,0,60
62800,65,1,1,3,0,60
62850,65,1,1,3,0,60
62900,65,1,1,3,0,60
62950,65,1,1,3,0,60
63000,65,1,1,3,0,60
63050,65,1,1,3,0,60
63100,65,1,1,3,0,60
63150,65,1,1,3,0,60
63200,65,1,1,3,0,60
63250,65,1,1,3,0,60
63300,65,1,1,3,0,60
63350,65,1,1,3,0,60
63400,65,1,1,3,0,60
63450,65,1,1,3,0,60
63500,65,1,1,3,0,60
63550,65,1,1,3,0,60
63600,65,1,1,3,0,60
63650,65,1,1,3,0,60
63700,65,1,1,3,0,60
63750,65,1,1,3,0,60
63800,65,1,1,3,0,60
63850,65,1,1,3,0,60
63900,65,1,1,3,0,60
63950,65,1,1,3,0,60
64000,65,1,1,3,0,60
64050,65,1,1,3,0,60
64100,65,1,1,3,0,60
64150,65,1,1,3,0,60
64200,65,1,1,3,0,60
64250,65,1,1,3,0,60
64300,65,1,1,3,0,60
64350,65,1,1,3,0,60
64400,65,1,1,3,0,60
64450,65,1,1,3,0,60
64500,65,1,1,3,0,60
64550,65,1,1,3,0,60
64600,65,1,1,3,0,60
64650,65,1,1,3,0,60
64700,65,1,1,3,0,60
64750,65,1,1,3,0,60
64800,65,1,1,3,0,60
64850,65,1,1,3,0,60
64900,65,1,1,3,0,60
64950,65,1,1,3,0,60
65000,65,1,1,3,0,60
65050,65,1,1,3,0,60
65100,65,1,1,3,0,60
65150,65,1,1,3,0,60
65200,65,1,1,3,0,60
65250,65,1,1,3,0,60
65300,65,1,1,3,0,60
65350,65,1,1,3,0,60
65400,65,1,1,3,0,60
65450,65,1,1,3,0,60
65500,65,1,1,3,0,60
65550,65,1,1,3,0,60
65600,65,1,1,3,0,60
65650,65,1,1,3,0,60
65700,65,1,1,3,0,60
65750,65,1,1,3,0,60
65800,65,1,1,3,0,60
65850,65,1,1,3,0,60
65900,65,1,1,3,0,60
65950,65,1,1,3,0,60
66000,65,1,1,3,0,60
66050,65,1,1,3,0,60
66100,65,1,1,3,0,60
66150,65,1,1,3,0,60
66200,65,1,1,3,0,60
66250,65,1,1,3,0,60
66300,65,1,1,3,0,60
66350,65,1,1,3,0,60
66400,65,1,1,3,0,60
66450,65,1,1,3,0,60
66500,65,1,1,3,0,60
66550,65,1,1,3,0,60
66600,65,1,1,3,0,60
66650,65,1,1,3,0,60
66700,65,1,1,3,0,60
66750,65,1,1,3,0,60
66800,65,1,1,3,0,60
66850,65,1,1,3,0,60
66900,65,1,1,3,0,60
66950,65,1,1,3,0,60
67000,65,1,1,3,0,60
67050,65,1,1,3,0,60
67100,65,1,1,3,0,60
67150,65,1,1,3,0,60
67200,65,1,1,3,0,60
67250,65,1,1,3,0,60
67300,65,1,1,3,0,60
67350,65,1,1,3,0,60
67400,65,1,1,3,0,60
67450,65,1,1,3,0,60
67500,65,1,1,3,0,60
67550,65,1,1,3,0,60
67600,65,1,1,3,0,60
67650,65,1,1,3,0,60
67700,65,1,1,3,0,60
67750,65,1,1,3,0,60
67800,65,1,1,3,0,60
67850,65,1,1,3,0,60
67900,65,1,1,3,0,60
67950,65,1,1,3,0,60
68000,65,1,1,3,0,60
68050,65,1,1,3,0,60
68100,65,1,1,3,0,60
68150,65,1,1,3,0,60
68200,65,1,1,3,0,60
68250,65,1,1,3,0,60
68300,65,1,1,3,0,60
68350,65,1,1,3,0,60
68400,65,1,1,3,0,60
68450,65,1,1,3,0,60
68500,65,1,1,3,0,60
68550,65,1,1,3,0,60
68600,65,1,1,3,0,60
68650,65,1,1,3,0,60
68700,65,1,1,3,0,60
68750,65,1,1,3,0,60
68800,65,1,1,3,0,60
68850,65,1,1,3,0,60
68900,65,1,1,3,0,60
68950,65,1,1,3,0,60
69000,65,1,1,3,0,60
69050,65,1,1,3,0,60
69100,65,1,1,3,0,60
69150,65,1,1,3,0,60
69200,65,1,1,3,0,60
69250,65,1,1,3,0,60
69300,65,1,1,3,0,60
69350,65,1,1,3,0,60
69400,65,1,1,3,0,60
69450,65,1,1,3,0,60
69500,65,1,1,3,0,60
69550,65,1,1,3,0,60
69600,65,1,1,3,0,60
69650,65,1,1,3,0,60
69700,65,1,1,3,0,60
69750,65,1,1,3,0,60
69800,65,1,1,3,0,60
69850,65,1,1,3,0,60
69900,65,1,1,3,0,60
69950,65,1,1,3,0,60
70000,65,1,1,3,0,60
70050,65,1,1,3,0,60
70100,65,1,1,3,0,60
70150,65,1,1,3,0,60
70200,65,1,1,3,0,60
70250,65,1,1,3,0,60
70300,65,1,1,3,0,60
70350,65,1,1,3,0,60
70400,65,1,1,3,0,60
70450,65,1,1,3,0,60
70500,65,1,1,3,0,60
70550,65,1,1,3,0,60
70600,65,1,1,3,0,60
70650,65,1,1,3,0,60
70700,65,1,1,3,0,60
70750,65,1,1,3,0,60
70800,65,1,1,3,0,60
70850,65,1,1,3,0,60
70900,65,1,1,3,0,60
70950,65,1,1,3,0,60
71000,65,1,1,3,0,60
71050,65,1,1,3,0,60
71100,65,1,1,3,0,60
71150,65,1,1,3,0,60
71200,65,1,1,3,0,60
71250,65,1,1,3,0,60
71300,65,1,1,3,0,60
71350,65,1,1,3,0,60
71400,65,1,1,3,0,60
71450,65,1,1,3,0,60
71500,65,1,1,3,0,60
71550,65,1,1,3,0,60
71600,65,1,1,3,0,60
71650,65,1,1,3,0,60
71700,65,1,1,3,0,60
71750,65,1,1,3,0,60
71800,65,1,1,3,0,60
71850,65,1,1,3,0,60
71900,65,1,1,3,0,60
71950,65,1,1,3,0,60
72000,65,1,1,3,0,60
72050,65,1,1,3,0,60
72100,65,1,1,3,0,60
72150,65,1,1,3,0,60
72200,65,1,1,3,0,60
72250,65,1,1,3,0,60
72300,65,1,1,3,0,60
72350,65,1,1,3,0,60
72400,65,1,1,3,0,60
72450,65,1,1,3,0,60
72500,65,1,1,3,0,60
72550,65,1,1,3,0,60
72600,65,1,1,3,0,60
72650,65,1,1,3,0,60
72700,65,1,1,3,0,60
72750,65,1,1,3,0,60
72800,65,1,1,3,0,60
72850,65,1,1,3,0,60
72900,65,1,1,3,0,60
72950,65,1,1,3,0,60
73000,65,1,1,3,0,60
73050,65,1,1,3,0,60
73100,65,1,1,3,0,60
73150,65,1,1,3,0,60
73200,65,1,1,3,0,60
73250,65,1,1,3,0,60
73300,65,1,1,3,0,60
73350,65,1,1,3,0,60
73400,65,1,1,3,0,60
73450,65,1,1,3,0,60
73500,65,1,1,3,0,60
73550,65,1,1,3,0,60
73600,65,1,1,3,0,60
73650,65,1,1,3,0,60
73700,65,1,1,3,0,60
73750,65,1,1,3,0,60
73800,65,1,1,3,0,60
73850,65,1,1,3,0,60
73900,65,1,1,3,0,60
73950,65,1,1,3,0,60
74000,65,1,1,3,0,60
74050,65,1,1,3,0,60
74100,65,1,1,3,0,60
74150,65,1,1,3,0,60
74200,65,1,1,3,0,60
74250,65,1,1,3,0,60
74300,65,1,1,3,0,60
74350,65,1,1,3,0,60
74400,65,1,1,3,0,60
74450,65,1,1,3,0,60
74500,65,1,1,3,0,60
74550,65,1,1,3,0,60
74600,65,1,1,3,0,60
74650,65,1,1,3,0,60
74700,65,1,1,3,0,60
74750,65,1,1,3,0,60
74800,65,1,1,3,0,60
74850,65,1,1,3,0,60
74900,65,1,1,3,0,60
74950,65,1,1,3,0,60
75000,65,1,1,3,0,60
75050,65,1,1,3,0,60
75100,65,1,1,3,0,60
75150,65,1,1,3,0,60
75200,65,1,1,3,0,60
75250,65,1,1,3,0,60
75300,65,1,1,3,0,60
75350,65,1,1,3,0,60
75400,65,1,1,3,0,60
75450,65,1,1,3,0,60
75500,65,1,1,3,0,60
75550,65,1,1,3,0,60
75600,65,1,1,3,0,60
75650,65,1,1,3,0,60
75700,65,1,1,3,0,60
75750,65,1,1,3,0,60
75800,65,1,1,3,0,60
75850,65,1,1,3,0,60
75900,65,1,1,3,0,60
75950,65,1,1,3,0,60
76000,65,1,1,3,0,60
76050,65,1,1,3,0,60
76100,65,1,1,3,0,60
76150,65,1,1,3,0,60
76200,65,1,1,3,0,60
76250,65,1,1,3,0,60
76300,65,1,1,3,0,60
76350,65,1,1,3,0,60
76400,65,1,1,3,0,60
76450,65,1,1,3,0,60
76500,65,1,1,3,0,60
76550,65,1,1,3,0,60
76600,65,1,1,3,0,60
76650,65,1,1,3,0,60
76700,65,1,1,3,0,60
76750,65,1,1,3,0,60
76800,65,1,1,3,0,60
76850,65,1,1,3,0,60
76900,65,1,1,3,0,60
76950,65,1,1,3,0,60
77000,65,1,1,3,0,60
77050,65,1,1,3,0,60
77100,65,1,1,3,0,60
77150,65,1,1,3,0,60
77200,65,1,1,3,0,60
77250,65,1,1,3,0,60
77300,65,1,1,3,0,60
77350,65,1,1,3,0,60
77400,65,1,1,3,0,60
77450,65,1,1,3,0,60
77500,65,1,1,3,0,60
77550,65,1,1,3,0,60
77600,65,1,1,3,0,60
77650,65,1,1,3,0,60
77700,65,1,1,3,0,60
77750,65,1,1,3,0,60
77800,65,1,1,3,0,60
77850,65,1,1,3,0,60
77900,65,1,1,3,0,60
77950,65,1,1,3,0,60
78000,65,1,1,3,0,60
78050,65,1,1,3,0,60
78100,65,1,1,3,0,60
78150,65,1,1,3,0,60
78200,65,1,1,3,0,60
78250,65,1,1,3,0,60
78300,65,1,1,3,0,60
78350,65,1,1,3,0,60
78400,65,1,1,3,0,60
78450,65,1,1,3,0,60
78500,65,1,1,3,0,60
78550,65,1,1,3,0,60
78600,65,1,1,3,0,60
78650,65,1,1,3,0,60
78700,65,1,1,3,0,60
78750,65,1,1,3,0,60
78800,65,1,1,3,0,60
78850,65,1,1,3,0,60
78900,65,1,1,3,0,60
78950,65,1,1,3,0,60
79000,65,1,1,3,0,60
79050,65,1,1,3,0,60
79100,65,1,1,3,0,60
79150,65,1,1,3,0,60
79200,65,1,1,3,0,60
79250,65,1,1,3,0,60
79300,65,1,1,3,0,60
79350,65,1,1,3,0,60
79400,65,1,1,3,0,60
79450,65,1,1,3,0,60
79500,65,1,1,3,0,60
79550,65,1,1,3,0,60
79600,65,1,1,3,0,60
79650,65,1,1,3,0,60
79700,65,1,1,3,0,60
79750,65,1,1,3,0,60
79800,65,1,1,3,0,60
79850,65,1,1,3,0,60
79900,65,1,1,3,0,60
79950,65,1,1,3,0,60
80000,65,1,1,3,0,60
80050,65,1,1,3,0,60
80100,65,1,1,3,0,60
80150,65,1,1,3,0,60
80200,65,1,1,3,0,60
80250,65,1,1,3,0,60
80300,65,1,1,3,0,60
80350,65,1,1,3,0,60
80400,65,1,1,3,0,60
80450,65,1,1,3,0,60
80500,65,1,1,3,0,60
80550,65,1,1,3,0,60
80600,65,1,1,3,0,60
80650,65,1,1,3,0,60
80700,65,1,1,3,0,60
80750,65,1,1,3,0,60
80800,65,1,1,3,0,60
80850,65,1,1,3,0,60
80900,65,1,1,3,0,60
80950,65,1,1,3,0,60
81000,65,1,1,3,0,60
81050,65,1,1,3,0,60
81100,65,1,1,3,0,60
81150,65,1,1,3,0,60
81200,65,1,1,3,0,60
81250,65,1,1,3,0,60
81300,65,1,1,3,0,60
81350,65,1,1,3,0,60
81400,65,1,1,3,0,60
81450,65,1,1,3,0,60
81500,65,1,1,3,0,60
81550,65,1,1,3,0,60
81600,65,1,1,3,0,60
81650,65,1,1,3,0,60
81700,65,1,1,3,0,60
81750,65,1,1,3,0,60
81800,65,1,1,3,0,60
81850,65,1,1,3,0,60
81900,65,1,1,3,0,60
81950,65,1,1,3,0,60
82000,65,1,1,3,0,60
82050,65,1,1,3,0,60
82100,65,1,1,3,0,60
82150,65,1,1,3,0,60
82200,65,1,1,3,0,60
82250,65,1,1,3,0,60
82300,65,1,1,3,0,60
82350,65,1,1,3,0,60
82400,65,1,1,3,0,60
82450,65,1,1,3,0,60
82500,65,1,1,3,0,60
82550,65,1,1,3,0,60
82600,65,1,1,3,0,60
82650,65,1,1,3,0,60
82700,65,1,1,3,0,60
82750,65,1,1,3,0,60
82800,65,1,1,3,0,60
82850,65,1,1,3,0,60
82900,65,1,1,3,0,60
82950,65,1,1,3,0,60
83000,65,1,1,3,0,60
83050,65,1,1,3,0,60
83100,65,1,1,3,0,60
83150,65,1,1,3,0,60
83200,65,1,1,3,0,60
83250,65,1,1,3,0,60
83300,65,1,1,3,0,60
83350,65,1,1,3,0,60
83400,65,1,1,3,0,60
83450,65,1,1,3,0,60
83500,65,1,1,3,0,60
83550,65,1,1,3,0,60
83600,65,1,1,3,0,60
83650,65,1,1,3,0,60
83700,65,1,1,3,0,60
83750,65,1,1,3,0,60
83800,65,1,1,3,0,60
83850,65,1,1,3,0,60
83900,65,1,1,3,0,60
83950,65,1,1,3,0,60
84000,65,1,1,3,0,60
84050,65,1,1,3,0,60
84100,65,1,1,3,0,60
84150,65,1,1,3,0,60
84200,65,1,1,3,0,60
84250,65,1,1,3,0,60
84300,65,1,1,3,0,60
84350,65,1,1,3,0,60
84400,65,1,1,3,0,60
84450,65,1,1,3,0,60
84500,65,1,1,3,0,60
84550,65,1,1,3,0,60
84600,65,1,1,3,0,60
84650,65,1,1,3,0,60
84700,65,1,1,3,0,60
84750,65,1,1,3,0,60
84800,65,1,1,3,0,60
84850,65,1,1,3,0,60
84900,65,1,1,3,0,60
84950,65,1,1,3,0,60
85000,65,1,1,3,0,60
85050,65,1,1,3,0,60
85100,65,1,1,3,0,60
85150,65,1,1,3,0,60
85200,65,1,1,3,0,60
85250,65,1,1,3,0,60
85300,65,1,1,3,0,60
85350,65,1,1,3,0,60
85400,65,1,1,3,0,60
85450,65,1,1,3,0,60
85500,65,1,1,3,0,60
85550,65,1,1,3,0,60
85600,65,1,1,3,0,60
85650,65,1,1,3,0,60
85700,65,1,1,3,0,60
85750,65,1,1,3,0,60
85800,65,1,1,3,0,60
85850,65,1,1,3,0,60
85900,65,1,1,3,0,60
85950,65,1,1,3,0,60
86000,65,1,1,3,0,60
86050,65,1,1,3,0,60
86100,65,1,1,3,0,60
86150,65,1,1,3,0,60
86200,65,1,1,3,0,60
86250,65,1,1,3,0,60
86300,65,1,1,3,0,60
86350,65,1,1,3,0,60
86400,65,1,1,3,0,60
86450,65,1,1,3,0,60
86500,65,1,1,3,0,60
86550,65,1,1,3,0,60
86600,65,1,1,3,0,60
86650,65,1,1,3,0,60
86700,65,1,1,3,0,60
86750,65,1,1,3,0,60
86800,65,1,1,3,0,60
86850,65,1,1,3,0,60
86900,65,1,1,3,0,60
86950,65,1,1,3,0,60
87000,65,1,1,3,0,60
87050,65,1,1,3,0,60
87100,65,1,1,3,0,60
87150,65,1,1,3,0,60
87200,65,1,1,3,0,60
87250,65,1,1,3,0,60
87300,65,1,1,3,0,60
87350,65,1,1,3,0,60
87400,65,1,1,3,0,60
87450,65,1,1,3,0,60
87500,65,1,1,3,0,60
87550,65,1,1,3,0,60
87600,65,1,1,3,0,60
87650,65,1,1,3,0,60
87700,65,1,1,3,0,60
87750,65,1,1,3,0,60
87800,65,1,1,3,0,60
87850,65,1,1,3,0,60
87900,65,1,1,3,0,60
87950,65,1,1,3,0,60
88000,65,1,1,3,0,60
88050,65,1,1,3,0,60
88100,65,1,1,3,0,60
88150,65,1,1,3,0,60
88200,65,1,1,3,0,60
88250,65,1,1,3,0,60
88300,65,1,1,3,0,60
88350,65,1,1,3,0,60
88400,65,1,1,3,0,60
88450,65,1,1,3,0,60
88500,65,1,1,3,0,60
88550,65,1,1,3,0,60
88600,65,1,1,3,0,60
88650,65,1,1,3,0,60
88700,65,1,1,3,0,60
88750,65,1,1,3,0,60
88800,65,1,1,3,0,60
88850,65,1,1,3,0,60
88900,65,1,1,3,0,60
88950,65,1,1,3,0,60
89000,65,1,1,3,0,60
89050,65,1,1,3,0,60
89100,65,1,1,3,0,60
89150,65,1,1,3,0,60
89200,65,1,1,3,0,60
89250,65,1,1,3,0,60
89300,65,1,1,3,0,60
89350,65,1,1,3,0,60
89400,65,1,1,3,0,60
89450,65,1,1,3,0,60
89500,65,1,1,3,0,60
89550,65,1,1,3,0,60
89600,65,1,1,3,0,60
89650,65,1,1,3,0,60
89700,65,1,1,3,0,60
89750,65,1,1,3,0,60
89800,65,1,1,3,0,60
89850,65,1,1,3,0,60
89900,65,1,1,3,0,60
89950,65,1,1,3,0,60
90000,65,1,1,3,0,60
90050,65,1,1,3,0,60
90100,65,1,1,3,0,60
90150,65,1,1,3,0,60
90200,65,1,1,3,0,60
90250,65,1,1,3,0,60
90300,65,1,1,3,0,60
90350,65,1,1,3,0,60
90400,65,1,1,3,0,60
90450,65,1,1,3,0,60
90500,65,1,1,3,0,60
90550,65,1,1,3,0,60
90600,65,1,1,3,0,60
90650,65,1,1,3,0,60
90700,65,1,1,3,0,60
90750,65,1,1,3,0,60
90800,65,1,1,3,0,60
90850,65,1,1,3,0,60
90900,65,1,1,3,0,60
90950,65,1,1,3,0,60
91000,65,1,1,3,0,60
91050,65,1,1,3,0,60
91100,65,1,1,3,0,60
91150,65,1,1,3,0,60
91200,65,1,1,3,0,60
91250,65,1,1,3,0,60
91300,65,1,1,3,0,60
91350,65,1,1,3,0,60
91400,65,1,1,3,0,60
91450,65,1,1,3,0,60
91500,65,1,1,3,0,60
91550,65,1,1,3,0,60
91600,65,1,1,3,0,60
91650,65,1,1,3,0,60
91700,65,1,1,3,0,60
91750,65,1,1,3,0,60
91800,65,1,1,3,0,60
91850,65,1,1,3,0,60
91900,65,1,1,3,0,60
91950,65,1,1,3,0,60
92000,65,1,1,3,0,60
92050,65,1,1,3,0,60
92100,65,1,1,3,0,60
92150,65,1,1,3,0,60
92200,65,1,1,3,0,60
92250,65,1,1,3,0,60
92300,65,1,1,3,0,60
92350,65,1,1,3,0,60
92400,65,1,1,3,0,60
92450,65,1,1,3,0,60
92500,65,1,1,3,0,60
92550,65,1,1,3,0,60
92600,65,1,1,3,0,60
92650,65,1,1,3,0,60
92700,65,1,1,3,0,60
92750,65,1,1,3,0,60
92800,65,1,1,3,0,60
92850,65,1,1,3,0,60
92900,65,1,1,3,0,60
92950,65,1,1,3,0,60
93000,65,1,1,3,0,60
93050,65,1,1,3,0,60
93100,65,1,1,3,0,60
93150,65,1,1,3,0,60
93200,65,1,1,3,0,60
93250,65,1,1,3,0,60
93300,65,1,1,3,0,60
93350,65,1,1,3,0,60
93400,65,1,1,3,0,60
93450,65,1,1,3,0,60
93500,65,1,1,3,0,60
93550,65,1,1,3,0,60
93600,65,1,1,3,0,60
93650,65,1,1,3,0,60
93700,65,1,1,3,0,60
93750,65,1,1,3,0,60
93800,65,1,1,3,0,60
93850,65,1,1,3,0,60
93900,65,1,1,3,0,60
93950,65,1,1,3,0,60
94000,65,1,1,3,0,60
94050,65,1,1,3,0,60
94100,65,1,1,3,0,60
94150,65,1,1,3,0,60
94200,65,1,1,3,0,60
94250,65,1,1,3,0,60
94300,65,1,1,3,0,60
94350,65,1,1,3,0,60
94400,65,1,1,3,0,60
94450,65,1,1,3,0,60
94500,65,1,1,3,0,60
94550,65,1,1,3,0,60
94600,65,1,1,3,0,60
94650,65,1,1,3,0,60
94700,65,1,1,3,0,60
94750,65,1,1,3,0,60
94800,65,1,1,3,0,60
94850,65,1,1,3,0,60
94900,65,1,1,3,0,60
94950,65,1,1,3,0,60
95000,65,1,1,3,0,60
95050,65,1,1,3,0,60
95100,65,1,1,3,0,60
95150,65,1,1,3,0,60
95200,65,1,1,3,0,60
95250,65,1,1,3,0,60
95300,65,1,1,3,0,60
95350,65,1,1,3,0,60
95400,65,1,1,3,0,60
95450,65,1,1,3,0,60
95500,65,1,1,3,0,60
95550,65,1,1,3,0,60
95600,65,1,1,3,0,60
95650,65,1,1,3,0,60
95700,65,1,1,3,0,60
95750,65,1,1,3,0,60
95800,65,1,1,3,0,60
95850,65,1,1,3,0,60
95900,65,1,1,3,0,60
95950,65,1,1,3,0,60
96000,65,1,1,3,0,60
96050,65,1,1,3,0,60
96100,65,1,1,3,0,60
96150,65,1,1,3,0,60
96200,65,1,1,3,0,60
96250,65,1,1,3,0,60
96300,65,1,1,3,0,60
96350,65,1,1,3,0,60
96400,65,1,1,3,0,60
96450,65,1,1,3,0,60
96500,65,1,1,3,0,60
96550,65,1,1,3,0,60
96600,65,1,1,3,0,60
96650,65,1,1,3,0,60
96700,65,1,1,3,0,60
96750,65,1,1,3,0,60
96800,65,1,1,3,0,60
96850,65,1,1,3,0,60
96900,65,1,1,3,0,60
96950,65,1,1,3,0,60
97000,65,1,1,3,0,60
97050,65,1,1,3,0,60
97100,65,1,1,3,0,60
97150,65,1,1,3,0,60
97200,65,1,1,3,0,60
97250,65,1,1,3,0,60
97300,65,1,1,3,0,60
97350,65,1,1,3,0,60
97400,65,1,1,3,0,60
97450,65,1,1,3,0,60
97500,65,1,1,3,0,60
97550,65,1,1,3,0,60
97600,65,1,1,3,0,60
97650,65,1,1,3,0,60
97700,65,1,1,3,0,60
97750,65,1,1,3,0,60
97800,65,1,1,3,0,60
97850,65,1,1,3,0,60
97900,65,1,1,3,0,60
97950,65,1,1,3,0,60
98000,65,1,1,3,0,60
98050,65,1,1,3,0,60
98100,65,1,1,3,0,60
98150,65,1,1,3,0,60
98200,65,1,1,3,0,60
98250,65,1,1,3,0,60
98300,65,1,1,3,0,60
98350,65,1,1,3,0,60
98400,65,1,1,3,0,60
98450,65,1,1,3,0,60
98500,65,1,1,3,0,60
98550,65,1,1,3,0,60
98600,65,1,1,3,0,60
98650,65,1,1,3,0,60
98700,65,1,1,3,0,60
98750,65,1,1,3,0,60
98800,65,1,1,3,0,60
98850,65,1,1,3,0,60
98900,65,1,1,3,0,60
98950,65,1,1,3,0,60
99000,65,1,1,3,0,60
99050,65,1,1,3,0,60
99100,65,1,1,3,0,60
99150,65,1,1,3,0,60
99200,65,1,1,3,0,60
99250,65,1,1,3,0,60
99300,65,1,1,3,0,60
99350,65,1,1,3,0,60
99400,65,1,1,3,0,60
99450,65,1,1,3,0,60
99500,65,1,1,3,0,60
99550,65,1,1,3,0,60
99600,65,1,1,3,0,60
99650,65,1,1,3,0,60
99700,65,1,1,3,0,60
99750,65,1,1,3,0,60
99800,65,1,1,3,0,60
99850,65,1,1,3,0,60
99900,65,1,1,3,0,60
99950,65,1,1,3,0,60
